"Location","lon","lat","geoAddress"
" 2501 Memorial Pkwy SW Huntsville, AL 35801 United States ","-86.5898733","34.71227","2501 memorial pkwy sw, huntsville, al 35801, usa"
" 3100 Cahaba Village Plaza Birmingham, AL 35243 United States ","-86.7525584","33.4599949","3100 cahaba village plaza, birmingham, al 35243, usa"
" 3780 Riverchase Village Hoover, AL 35244 United States ","-86.8010497","33.377512","3780 riverchase village, birmingham, al 35244, usa"
" 1450 Taylor Rd Montgomery, AL 36117 United States ","-86.1727917","32.3586036","1450 taylor rd, montgomery, al 36117, usa"
" 3968 Airport Blvd Mobile, AL 36608 United States ","-88.1509437","30.677167","3968 airport blvd, mobile, al 36608, usa"
" 10810 N Tatum Blvd Phoenix, AZ 85028 United States ","-111.9786036","33.5839155","10810 n tatum blvd, phoenix, az 85028, usa"
" 2955 West Ray Road Chandler, AZ 85225 United States ","-111.8927755","33.3183793","2955 w ray rd, chandler, az 85224, usa"
" 7111 East Mayo Boulevard Phoenix, AZ 85054 United States ","-111.9270975","33.6537196","7111 e mayo blvd, phoenix, az 85054, usa"
" 7133 N Oracle Rd Tucson, AZ 85704 United States ","-110.9781399","32.3364568","7133 n oracle rd, tucson, az 85704, usa"
" 1420 West Hwy. 89A Sedona, AZ 86336 United States ","-111.7849323","34.8635944","1420 w state rte 89a, sedona, az 86336, usa"
" 320 S. Cambridge Lane Flagstaff, AZ 86001 United States ","-111.6411993","35.1915936","320 cambridge ln, flagstaff, az 86001, usa"
" Whole Foods Market 4701 N 20th Street Phoenix, AZ 85016 United States ","-112.0376743","33.5064238","4701 n 20th st, phoenix, az 85016, usa"
" 5555 E. River Road Tucson, AZ 85750-1949 United States ","-110.8743844","32.2749924","5555 e river rd, tucson, az 85750, usa"
" 5120 S. Rural Rd Tempe, AZ 85282 United States ","-111.9299853","33.3796448","5120 s rural rd, tempe, az 85282, usa"
" 3360 E. Speedway Blvd. Tucson, AZ 85716 United States ","-110.9215464","32.235741","3360 e speedway blvd, tucson, az 85716, usa"
" 501 Bowman Road Little Rock, AR 72211 United States ","-92.4070771","34.7493978","501 bowman rd, little rock, ar 72211, usa"
" 3425 N. College Avenue Fayetteville, AR 72703 United States ","-94.1464182","36.1137251","3425 n college ave, fayetteville, ar 72703, usa"
" 3111 Mowry Avenue Fremont, CA 94538 United States ","-121.9852559","37.5549521","3111 mowry ave, fremont, ca 94538, usa"
" 12746 West Jefferson Blvd Suite #1100 Playa Vista, CA 90094 United States ","-118.4175837","33.9771392","12746 w jefferson blvd, playa vista, ca 90094, usa"
" 1001 Galleria Blvd. Roseville, CA 95678 United States ","-121.2672557","38.7673926","1001 galleria blvd, roseville, ca 95678, usa"
" 1050 S. Gayley Ave Los Angeles, CA 90024 United States ","-118.4469309","34.0611873","1050 gayley ave, los angeles, ca 90024, usa"
" Whole Foods Market Coddingtown 390 Coddingtown Mall Santa Rosa, CA 95401 United States ","-122.7313879","38.4578846","390 coddingtown mall, santa rosa, ca 95401, usa"
" 2201 Wilshire Blvd Santa Monica, CA 90403 United States ","-118.4813867","34.0333002","2201 wilshire blvd, santa monica, ca 90403, usa"
" 1333 Newell Ave Walnut Creek, CA 94596 United States ","-122.0552461","37.892668","1333 newell ave, walnut creek, ca 94596, usa"
" 3502 Mt. Diablo Blvd. Lafayette, CA 94549 United States ","-122.117205","37.8933586","3502 mt diablo blvd, lafayette, ca 94549, usa"
" 2732 Augustine Drive Suite 1600 Santa Clara, CA 95054 United States ","-121.9761941","37.3808426","2732 augustine dr #1600, santa clara, ca 95054, usa"
" 1425 Montana Ave. Santa Monica, CA 90403 United States ","-118.4947929","34.0329471","1425 montana ave, santa monica, ca 90403, usa"
" 731 East Blithedale Mill Valley, CA 94941 United States ","-122.526048","37.9025872","731 e blithedale ave, mill valley, ca 94941, usa"
" 5200 Dublin Blvd. Dublin, CA 94568 United States ","-121.8897911","37.7057284","5200 dublin blvd, dublin, ca 94568, usa"
" 4520 N. Sepulveda Blvd Sherman Oaks, CA 91403 United States ","-118.4788692","34.1256298","4520 n sepulveda blvd, los angeles, ca 90049, usa"
" 12905 Riverside Drive Sherman Oaks, CA 91423 United States ","-118.4142109","34.1579165","12905 riverside dr, sherman oaks, ca 91423, usa"
" 225 Lincoln Blvd. Venice, CA 90291 United States ","-118.4698813","34.0011613","225 lincoln blvd, venice, ca 90291, usa"
" 415 Newport Center Drive Newport Beach, CA 92660 United States ","-117.8737656","33.61659","415 newport center dr, newport beach, ca 92660, usa"
" 800 Del Monte Center Monterey, CA 93940 United States ","-121.9003622","36.5834225","800 del monte center, monterey, ca 93940, usa"
" 24130 Valencia Blvd Santa Clarita, CA 91355 United States ","-118.5558802","34.4126364","24130 valencia blvd, santa clarita, ca 91355, usa"
" 4800 El Camino Real Los Altos, CA 94022 United States ","-122.1106483","37.3989341","4800 el camino real, los altos, ca 94022, usa"
" 450 Rhode Island St San Francisco, CA 94107 United States ","-122.4032778","37.7644788","450 rhode island st, san francisco, ca 94107, usa"
" Whole Foods Market Novato 790 De Long Avenue Novato, CA 94945-7005 United States ","-122.5656433","38.1059406","790 de long ave, novato, ca 94945, usa"
" 331 North Glendale Ave Glendale, CA 91206 United States ","-118.2459665","34.1510829","331 n glendale ave, glendale, ca 91206, usa"
" 3000 Telegraph Ave Berkeley, CA 94705 United States ","-122.2604434","37.855655","3000 telegraph ave, berkeley, ca 94705, usa"
" Whole Foods Market Cupertino 20955 Stevens Creek Blvd Cupertino, CA 95014 United States ","-122.0396177","37.3235879","20955 stevens creek blvd, cupertino, ca 95014, usa"
" 230 Bay Place Oakland, CA 94612 United States ","-122.2609981","37.8127687","230 bay pl, oakland, ca 94612, usa"
" 2121 Cloverfield Blvd Santa Monica, CA 90404 United States ","-118.4655725","34.0221303","2121 cloverfield blvd, santa monica, ca 90404, usa"
" Whole Foods Market 774 Emerson Street Palo Alto, CA 94301 United States ","-122.1596147","37.4424053","774 emerson st, palo alto, ca 94301, usa"
" Whole Foods Market Campbell 1690 South Bascom Ave Campbell, CA 95008 United States ","-121.9303789","37.2932205","1690 s bascom ave, campbell, ca 95008, usa"
" Whole Foods Market 788 S. Grand Avenue Los Angeles, CA 90017 United States ","-118.2575671","34.0459443","788 s grand ave, los angeles, ca 90017, usa"
" 283 Broadway St. Laguna Beach, CA 92651 United States ","-117.7838368","33.5438792","283 broadway st, laguna beach, ca 92651, usa"
" 2520 Glendale Blvd Los Angeles, CA 90039 United States ","-118.2583715","34.1030485","2520 glendale blvd, los angeles, ca 90039, usa"
" 1710 41st Avenue Capitola, CA 95010 United States ","-121.9635747","36.9743246","1710 41st ave, capitola, ca 95010, usa"
" 1250 Jefferson Ave Redwood City, CA 94062 United States ","-122.2316198","37.4822223","1250 jefferson ave, redwood city, ca 94062, usa"
" 7881 Edinger Ave Suite 150 Huntington Beach, CA 92647 United States ","-117.9905196","33.7312057","7881 edinger ave #150, huntington beach, ca 92647, usa"
" 1531 Froom Ranch Way San Luis Obispo, CA 93405 United States ","-120.6871188","35.250754","1531 froom ranch way, san luis obispo, ca 93405, usa"
" 911 Soquel Ave Santa Cruz, CA 95062 United States ","-122.014572","36.978945","911 soquel ave, santa cruz, ca 95062, usa"
" Whole Foods Market Hillcrest 711 University Ave San Diego, CA 92103 United States ","-117.1580005","32.747879","711 university ave, san diego, ca 92103, usa"
" 239 North Crescent Dr Beverly Hills, CA 90210 United States ","-118.398384","34.0693206","239 n crescent dr, beverly hills, ca 90210, usa"
" 405 North Pacific Coast Hwy Redondo Beach, CA 90277 United States ","-118.3895084","33.8473733","405 n pacific coast hwy, redondo beach, ca 90277, usa"
" 399 4th Street San Francisco, CA 94107 United States ","-122.3997825","37.7812623","399 4th st, san francisco, ca 94107, usa"
" Whole Foods Market 621 E. Washington St Petaluma, CA 94952 United States ","-122.6345586","38.2412795","621 e washington st, petaluma, ca 94952, usa"
" Whole Foods Market West Hollywood 7871 Santa Monica Blvd West Hollywood, CA 90046 United States ","-118.3608731","34.0915268","7871 santa monica blvd, west hollywood, ca 90046, usa"
" 2085 Diamond Blvd. Concord, CA 94520 United States ","-122.0588396","37.9741478","2085 diamond blvd, concord, ca 94520, usa"
" 1765 California St San Francisco, CA 94109 United States ","-122.4231006","37.7899512","1765 california st, san francisco, ca 94109, usa"
" 740 North Moorpark Rd Thousand Oaks, CA 91360 United States ","-118.8733339","34.187726","740 n moorpark rd, thousand oaks, ca 91360, usa"
" 690 Stanyan Street San Francisco, CA 94117-3305 United States ","-122.4528278","37.769638","690 stanyan st, san francisco, ca 94117, usa"
" 3881 Lakewood Blvd. Suite A Long Beach, CA 90808 United States ","-118.1443602","33.8297557","3881 n lakewood blvd suite a, long beach, ca 90846, usa"
" Whole Foods Market Arroyo 465 South Arroyo Parkway Pasadena, CA 91105 United States ","-118.1478342","34.1378234","465 s arroyo pkwy, pasadena, ca 91105, usa"
" 3301 Imperial Hwy. corner Valencia Avenue Brea, CA 92823 United States ","-117.8515073","33.9101372","3301 e imperial hwy, brea, ca 92823, usa"
" 2153 W. Baseline Rd. Upland, CA 91784 United States ","-117.6925009","34.1229416","2153 w base line rd, upland, ca 91786, usa"
" 3761 State Street Santa Barbara, CA 93105 United States ","-119.745409","34.4393044","3761 state st, santa barbara, ca 93110, usa"
" 1150 Ocean Ave San Francisco, CA 94112 United States ","-122.4545528","37.7237983","1150 ocean ave, san francisco, ca 94112, usa"
" 414 Miller Ave Mill Valley, CA 94941 United States ","-122.5363018","37.8960009","414 miller ave, mill valley, ca 94941, usa"
" 18700 Ventura Blvd Tarzana, CA 91356 United States ","-118.5410493","34.1703355","18700 ventura blvd, tarzana, ca 91356, usa"
" 270 Palladio Parkway Folsom, CA 95630 United States ","-121.1181412","38.6488674","270 palladio pkwy, folsom, ca 95630, usa"
" 2847 Park Avenue Tustin, CA 92782 United States ","-117.8255884","33.6963604","2847 park ave, tustin, ca 92782, usa"
" 777 The Alameda San Jose, CA 95126 United States ","-121.9049074","37.3321237","777 the alameda, san jose, ca 95126, usa"
" 2655 Pacific Coast Hwy Torrance, CA 90505 United States ","-118.3309445","33.7925761","2655 pacific coast hwy, torrance, ca 90505, usa"
" 21347 Ventura Blvd Woodland Hills, CA 91364 United States ","-118.5969671","34.1681631","21347 ventura blvd, woodland hills, ca 91364, usa"
" 2941 Ygnacio Valley Rd. Walnut Creek, CA 94598 United States ","-122.0168814","37.9256149","2941 ygnacio valley rd, walnut creek, ca 94598, usa"
" 4315 Arden Way Sacramento, CA 95864 United States ","-121.3636335","38.5966382","4315 arden way, sacramento, ca 95864, usa"
" Whole Foods Market Pasadena 3751 E. Foothill Blvd. Pasadena, CA 91107 United States ","-118.0726535","34.1512392","3751 e foothill blvd, pasadena, ca 91107, usa"
" 8525 Irvine Center Drive Irvine, CA 92618 United States ","-117.7443927","33.6463008","8525 irvine center dr, irvine, ca 92618, usa"
" Whole Foods Market 6350 West 3rd Street Los Angeles, CA 90036 United States ","-118.3607133","34.0703081","6350 w 3rd st, los angeles, ca 90036, usa"
" 1025 Gilman Street Berkeley, CA 94710 United States ","-122.2978181","37.8807242","1025 gilman st, berkeley, ca 94710, usa"
" 760 South Sepulveda Blvd. El Segundo, CA 90245 United States ","-118.3962537","33.9314309","760 s sepulveda blvd, el segundo, ca 90245, usa"
" Whole Foods Market SouthGlenn 6853 South York Street Suite 119 Centennial, CO 80122 United States ","-104.9620672","39.5918115","6853 s york st #119, centennial, co 80122, usa"
" Whole Foods Market Highlands Ranch 9366 S. Colorado Blvd. Highlands Ranch, CO 80126 United States ","-104.9426186","39.545377","9366 s colorado blvd ste b, highlands ranch, co 80126, usa"
" 5155 S. Wadsworth Blvd. Littleton, CO 80123-2217 United States ","-105.0921849","39.623031","5155 s wadsworth blvd, littleton, co 80123, usa"
" 2201 S College Ave Fort Collins, CO 80525 United States ","-105.0785748","40.5591025","2201 s college ave, fort collins, co 80525, usa"
" 444 S.Wadsworth Blvd Lakewood, CO 80226 United States ","-105.0807669","39.7086541","444 s wadsworth blvd, lakewood, co 80226, usa"
" 870 S. Colorado Blvd. Glendale, CO 80246 United States ","-104.9397067","39.7005315","870 s colorado blvd, glendale, co 80246, usa"
" 7635 North Academy Blvd Colorado Springs, CO 80920-3207 United States ","-104.7974944","38.942002","7635 n academy blvd, colorado springs, co 80920, usa"
" 340 Reed Street Basalt, CO 81621 United States ","-107.0826428","39.3869354","340 reed st, basalt, co 81621, usa"
" Whole Foods Market Frisco 261 Lusher Court Frisco, CO 80443 United States ","-106.1003496","39.5887456","261 lusher ct, frisco, co 80443, usa"
" 1701 Wewatta Street Denver, CO 80202 United States ","-105.0012328","39.7547061","1701 wewatta st, denver, co 80202, usa"
" 1250 South Hover Road Suite 300 Longmont, CO 80501 United States ","-105.1285584","40.1466325","1250 s hover rd ste 300, longmont, co 80501, usa"
" 14357 W. Colfax Ave. Golden, CO 80401 United States ","-105.1613816","39.7364719","14357 w colfax ave, golden, co 80401, usa"
" 4451 Main St. Westminster, CO 80031 United States ","-105.0446913","39.913434","4451 main st, westminster, co 80031, usa"
" Ideal Market 1275 Alpine Ave. Boulder, CO 80304 United States ","-105.2808473","40.0259879","1275 alpine ave, boulder, co 80304, usa"
" Whole Foods Market Tamarac 7400 E. Hampden Ave Denver, CO 80231 United States ","-104.901631","39.6523942","7400 e hampden ave unit d, denver, co 80231, usa"
" 2375 E. 1st Ave Denver, CO 80206 United States ","-104.9576861","39.7185829","2375 e 1st ave, denver, co 80206, usa"
" 1111 S. Washington Street Denver, CO 80210 United States ","-104.9798666","39.696046","1111 s washington st, denver, co 80210, usa"
" Whole Foods Market 303 Marshall Rd. Superior, CO 80027 United States ","-105.1679476","39.9565313","303 marshall rd, superior, co 80027, usa"
" 2905 Pearl St Boulder, CO 80301 United States ","-105.2559579","40.023927","2905 pearl st, boulder, co 80301, usa"
" 90 E. Putnam Ave. Greenwich, CT 06830 United States ","-73.6238635","41.0331186","90 e putnam ave, greenwich, ct 06830, usa"
" 340 N. Main St. West Hartford, CT 06117 United States ","-72.7454126","41.7846872","340 n main st, west hartford, ct 06117, usa"
" 150 Ledge Road Darien, CT 06820 United States ","-73.4761173","41.0732798","150 ledge rd, darien, ct 06820, usa"
" 50 Raymond Rd West Hartford, CT 06107 United States ","-72.738994","41.7608586","50 raymond rd, west hartford, ct 06107, usa"
" 399 Post Road West Westport, CT 06880 United States ","-73.3801367","41.1280605","399 post rd w, westport, ct 06880, usa"
" 55 Welles Street Glastonbury, CT 06033 United States ","-72.6078172","41.7148499","55 welles st, glastonbury, ct 06033, usa"
" 350 Grasmere Avenue Fairfield, CT 06824 United States ","-73.2401552","41.1583602","350 grasmere ave, fairfield, ct 06824, usa"
" 5C Sugar Hollow Road Danbury, CT 06810 United States ","-73.4755249","41.377727","5c sugar hollow rd, danbury, ct 06810, usa"
" 1686 Boston Post Road Milford, CT 06460 United States ","-73.0253079","41.2482781","1686 boston post rd, milford, ct 06460, usa"
" 4530 40th St NW Tenley Circle Washington, DC 20016 United States ","-77.0792007","38.9490789","4530 40th st nw tenley circle, washington, dc 20016, united states"
" 600 H Street, NE Washington, DC 20002 United States ","-76.9976267","38.9005142","600 h st ne, washington, dc 20002, usa"
" 101 H St. SE Washington, DC 20003 United States ","-77.005121","38.8802819","101 h st se, washington, dc 20003, usa"
" 1440 P Street NW Washington, DC 20005 United States ","-77.0335078","38.9092854","1440 p st nw, washington, dc 20005, usa"
" 2201 I Street NW Washington, DC 20037 United States ","-77.0490824","38.9010776","2201 i st nw, washington, dc 20037, usa"
" 8003 Turkey Lake Road Orlando, FL 32819 United States ","-81.4765573","28.449094","8003 turkey lake rd, orlando, fl 32819, usa"
" 10601 San Jose Blvd Jacksonville, FL 32257 United States ","-81.6265237","30.1843764","10601 san jose blvd, jacksonville, fl 32257, usa"
" 1400 Glades Rd Boca Raton, FL 33431 United States ","-80.1148542","26.365754","1400 glades rd, boca raton, fl 33431, usa"
" 3802 Northdale Blvd. Tampa, FL 33624-1833 United States ","-82.5042071","28.093028","3802 northdale blvd, tampa, fl 33624, usa"
" 305 East Altamonte Drive Suite 1000 Altamonte Springs, FL 32701 United States ","-81.3814416","28.6642475","305 e altamonte dr suite 1000, altamonte springs, fl 32701, usa"
" 9101 Strada Place Naples, FL 34108 United States ","-81.79995","26.2545901","9101 strada pl, naples, fl 34108, usa"
" 2000 N Federal Hwy Fort Lauderdale, FL 33305 United States ","-80.117752","26.153533","2000 n federal hwy, fort lauderdale, fl 33305, usa"
" 21105 Biscayne Blvd Aventura, FL 33180 United States ","-80.1406777","25.9712665","21105 biscayne blvd, aventura, fl 33180, usa"
" 6891 Daniels Pkwy Suite 100 Fort Myers, FL 33966 United States ","-81.8410067","26.5478748","6891 daniels pkwy #100, fort myers, fl 33966, usa"
" 810 University Drive Coral Springs, FL 33071 United States ","-80.2568353","26.2425768","810 n university dr, pompano beach, fl 33071, usa"
" 1817 Thomasville Road Tallahassee, FL 32303 United States ","-84.2703881","30.4638233","1817 thomasville rd, tallahassee, fl 32303, usa"
" 2635 State Road 7 Wellington, FL 33414-9372 United States ","-80.2061986","26.641296","2635 fl-7, wellington, fl 33414, usa"
" Whole Foods Market 11701 Lake Victoria Gardens Ave Palm Beach Gardens, FL 33410 United States ","-80.09429","26.848275","11701 lake victoria gardens ave, palm beach gardens, fl 33410, usa"
" 1030 N. Orlando Ave Winter Park, FL 32789 United States ","-81.3594246","28.6362673","1030 north orlando avenue, maitland, fl 32751, usa"
" Whole Foods Market 1845 Palm Beach Lakes Boulevard West Palm Beach, FL 33401 United States ","-80.0892848","26.7206634","1845 palm beach lakes blvd, west palm beach, fl 33401, usa"
" 1548 North Dale Mabry Highway. Tampa, FL 33607 United States ","-82.5084048","27.9566643","1548 n dale mabry hwy, tampa, fl 33607, usa"
" 1020 Alton Road Miami Beach, FL 33139 United States ","-80.1413755","25.7810931","1020 alton rd, miami beach, fl 33139, usa"
" 7930 SW 104 Street Miami, FL 33156 United States ","-80.3234867","25.6732792","7930 sw 104th st, miami, fl 33156, usa"
" 5298 University Parkway Sarasota, FL 34243 United States ","-82.4644462","27.3868842","5298 university pkwy, sarasota, fl 34243, usa"
" 27001 US 19 North Westfield Countryside Mall Clearwater, FL 33761 United States ","-82.7333449","28.0173914","27001 us hwy 19 n ste 1039, clearwater, fl 33761, usa"
" 12150 Biscayne Blvd North Miami, FL 33181 United States ","-80.165447","25.8881039","12150 biscayne blvd, north miami, fl 33181, usa"
" 2411 N Federal Highway Pompano Beach, FL 33062 United States ","-80.1012923","26.261326","2411 n federal hwy, pompano beach, fl 33064, usa"
" 299 SE 3rd St. Miami, FL 33131 United States ","-80.189164","25.7721164","299 se 3rd st, miami, fl 33131, usa"
" 14956 Pines Blvd Pembroke Pines, FL 33027 United States ","-80.349682","26.0063579","14956 pines blvd, pembroke pines, fl 33027, usa"
" 3490 SW Archer Rd Gainesville, FL 32608 United States ","-82.3762083","29.6257203","3490 sw archer rd, gainesville, fl 32608, usa"
" 4402 Legendary Drive Destin, FL 32541 United States ","-86.4202335","30.3902387","4402 legendary dr, destin, fl 32541, usa"
" 1451 1st Street Sarasota, FL 34236 United States ","-82.5409834","27.3377195","1451 1st st, sarasota, fl 34236, usa"
" 1903 S. University Drive Town and Country Shoppes Plaza Davie, FL 33324 United States ","-80.2519087","26.0965814","1903 s university dr, davie, fl 33324, usa"
" 6701 Red Road Coral Gables, FL 33143 United States ","-80.2852945","25.7064616","6701 red rd, coral gables, fl 33146, usa"
" 5930 Roswell Rd Atlanta, GA 30328 United States ","-84.3797763","33.9177907","5930 roswell rd, atlanta, ga 30328, usa"
" 1300 Ernest Barrett Parkway Kennesaw, GA 30144 United States ","-84.5901231","33.9982204","1300 ernest w barrett pkwy nw, kennesaw, ga 30144, usa"
" 5001 Peachtree Boulevard Chamblee, GA 30341 United States ","-84.3149475","33.8851999","5001 peachtree blvd, chamblee, ga 30341, usa"
" 3535 Northside Parkway Atlanta, GA 30327 United States ","-84.4290477","33.8505701","3535 northside pkwy nw, atlanta, ga 30327, usa"
" 650 Ponce de Leon Ave NE Atlanta, GA 30308 United States ","-84.3662522","33.775607","650 ponce de leon ave ne, atlanta, ga 30308, usa"
" 22 14th Street NW Atlanta, GA 30309 United States ","-84.3885287","33.7861529","22 14th st nw, atlanta, ga 30309, usa"
" 1815 E. Victory Drive Suite 101 Savannah, GA 31404 United States ","-81.0716309","32.0431816","1815 e victory dr #101, savannah, ga 31404, usa"
" 1555 Church St. Decatur, GA 30030 United States ","-84.2842493","33.7926118","1555 church st, decatur, ga 30030, usa"
" 2800 Old Milton Pkwy Alpharetta, GA 30009 United States ","-84.2784091","34.0694669","2800 old milton pkwy, alpharetta, ga 30004, usa"
" 5945 State Bridge Rd Johns Creek, GA 30097 United States ","-84.1834932","34.0130374","5945 state bridge rd, duluth, ga 30097, usa"
" 77 West Paces Ferry Rd NW Atlanta, GA 30305 United States ","-84.3813921","33.8408965","77 west paces ferry rd nw, atlanta, ga 30305, usa"
" 1311 Johnson Ferry Road NE Suite 580 Marietta, GA 30068 United States ","-84.4278519","33.9809639","1311 johnson ferry rd #580, marietta, ga 30068, usa"
" Whole Foods Market 4211 Wai'alae Avenue Honolulu, HI 96816 United States ","-157.7863744","21.2770925","4211 wai'alae ave ste 2000, honolulu, hi 96816, usa"
" 629 Kailua Road, Suite 100 Kailua, HI 96734 United States ","-157.7426696","21.3937858","629 kailua rd #100, kailua, hi 96734, usa"
" Whole Foods Market Maui 70 East Kaahumanu Avenue #B Kahului, HI 96732 United States ","-156.4644161","20.8916141","70 e kaahumanu ave, kahului, hi 96732, usa"
" 388 Kamakee Street Suite 100 Honolulu, HI 96814 United States ","-157.8522843","21.2943957","388 kamakee st #100, honolulu, hi 96814, usa"
" 401 S. Broadway Avenue Boise, ID 83702 United States ","-116.1946675","43.6078975","401 broadway ave, boise, id 83702, usa"
" 840 Willow Road Northbrook, IL 60062 United States ","-87.8007269","42.1065063","840 willow rd, northbrook, il 60062, usa"
" 3201 N. Ashland Avenue Chicago, IL 60657 United States ","-87.668204","41.9399847","3201 n ashland ave, chicago, il 60657, usa"
" 1101 S. Canal St Chicago, IL 60607 United States ","-87.6388767","41.8675233","1101 s canal st, chicago, il 60607, usa"
" 6009 North Broadway Chicago, IL 60660 United States ","-87.6598109","41.9911446","6009 n broadway, chicago, il 60660, usa"
" 215 S. IL Rte 83 Elmhurst, IL 60126 United States ","-87.9604952","41.8939983","215 il-83, elmhurst, il 60126, usa"
" 15260 S. LaGrange Road Orland Park, IL 60462 United States ","-87.8550522","41.6126573","15260 south la grange road, orland park, il 60462, usa"
" 3640 N Halsted St Chicago, IL 60613 United States ","-87.6499215","41.9485137","3640 n halsted st, chicago, il 60613, usa"
" 9600 S. Western Ave Evergreen Park, IL 60805 United States ","-87.6820202","41.7182212","9600 s western ave, evergreen park, il 60805, usa"
" 5118 S. Lake Park Ave Chicago, IL 60615 United States ","-87.5880092","41.8019189","5118 s lake park ave, chicago, il 60615, usa"
" 30 West Huron St Chicago, IL 60654 United States ","-87.6292756","41.894997","30 w huron st, chicago, il 60654, usa"
" 2748 Green Bay Road Evanston, IL 60201 United States ","-87.7022461","42.0678534","2748 green bay rd, evanston, il 60201, usa"
" 20281 N Rand Road Kildeer, IL 60074 United States ","-88.0440265","42.1595608","20281 n rand rd, kildeer, il 60074, usa"
" Whole Foods Market Naperville 2607 W. 75th Street Naperville, IL 60540 United States ","-88.1997473","41.7489072","2607 w 75th st, naperville, il 60540, usa"
" 851 N. Milwaukee Avenue Vernon Hills, IL 60061 United States ","-87.9437432","42.241144","851 n milwaukee ave, vernon hills, il 60061, usa"
" 832 W 63rd Street Chicago, IL 60621 United States ","-87.6464745","41.7806896","832 w 63rd st, chicago, il 60621, usa"
" 6020 N Cicero Ave Chicago, IL 60646 United States ","-87.7486983","41.9904778","6020 n cicero ave, chicago, il 60646, usa"
" 7245 Lake St River Forest, IL 60305 United States ","-87.8062641","41.887377","7245 lake st, river forest, il 60305, usa"
" 6300 S. Robert Kingery Highway Willowbrook, IL 60527 United States ","-87.949397","41.772961","6300 s robert, kingery hwy, willowbrook, il 60527, united states"
" 760 Waukegan Rd Deerfield, IL 60015 United States ","-87.8480691","42.1663238","760 waukegan rd, deerfield, il 60015, usa"
" 500 E. Ogden Ave. Hinsdale, IL 60521 United States ","-87.9170854","41.8175049","500 e ogden ave, hinsdale, il 60521, usa"
" 1640 Chicago Ave Evanston, IL 60201 United States ","-87.6795313","42.0475377","1640 chicago ave, evanston, il 60201, usa"
" 1550 N. Kingsbury Street Chicago, IL 60642 United States ","-87.6526427","41.9086808","1550 n kingsbury st, chicago, il 60642, usa"
" 225 W. Touhy Ave Park Ridge, IL 60068 United States ","-87.8249633","42.0110155","225 w touhy ave, park ridge, il 60068, usa"
" 255 E. Grand Ave Chicago, IL 60611 United States ","-87.6207205","41.8915948","255 e grand ave, chicago, il 60611, usa"
" 89 Danada Square East Wheaton, IL 60189 United States ","-88.1014475","41.8303931","89 danada square east, wheaton, il 60189, usa"
" 959 West Fullerton Avenue Chicago, IL 60614 United States ","-87.6533791","41.9252019","959 w fullerton ave, chicago, il 60614, usa"
" 1 N. Halsted Street Chicago, IL 60661 United States ","-87.6469767","41.8821688","1 n halsted st, chicago, il 60661, usa"
" 750 N. Martingale Rd. Schaumburg, IL 60173 United States ","-88.0367672","42.0424301","750 n martingale rd, schaumburg, il 60173, usa"
" 1300 E. 86th St. Indianapolis, IN 46240 United States ","-86.1389646","39.9145498","1300 e 86th st, indianapolis, in 46240, usa"
" 14598 Clay Terrace Blvd. Carmel, IN 46032 United States ","-86.1312218","39.999211","14598 clay terrace blvd, carmel, in 46032, usa"
" 4230 Grape Road Mishawaka, IN 46545-1007 United States ","-86.1855858","41.6990055","4230 grape rd, mishawaka, in 46545, usa"
" 320 E. Market St. Indianapolis, IN 46204 United States ","-86.1516584","39.7684349","320 e market st, indianapolis, in 46204, usa"
" 199 US HWY 41 Schererville, IN 46375 United States ","-87.414345","39.4642823","199 s us hwy 41, terre haute, in 47807, usa"
" 4100 University Ave Suite #260 West Des Moines, IA 50266 United States ","-93.759709","41.5985218","4100 university ave, west des moines, ia 50266, usa"
" 6621 West 119th Street Overland Park, KS 66209-2020 United States ","-94.6620691","38.911542","6621 w 119th st, overland park, ks 66209, usa"
" 1423 N. Webb Rd. Suite 101 Wichita, KS 67206 United States ","-97.228039","37.7091852","1423 n webb rd #101, wichita, ks 67206, usa"
" 14615 W. 119th Street Olathe, KS 66062 United States ","-94.7563777","38.9114088","14615 w 119th st, olathe, ks 66062, usa"
" Whole Foods Market Louisville 4944 Shelbyville Road Louisville, KY 40207 United States ","-85.6259816","38.248632","4944 shelbyville rd, louisville, ky 40207, usa"
" 4059 Finn Way Lexington, KY 40517 United States ","-84.5286723","37.9776328","4059, 4059 finn way, lexington, ky 40517, usa"
" 300 N Broad St Suite 103 New Orleans, LA 70119 United States ","-90.0848478","29.9671931","300 n broad st #103, new orleans, la 70119, usa"
" 4247 Ambassador Caffery Parkway Lafayette, LA 70508 United States ","-92.0517389","30.1610967","4247 ambassador caffery pkwy, lafayette, la 70508, usa"
" 3420 Veterans Memorial Blvd Metairie, LA 70002 United States ","-90.1590081","30.0019585","3420 veterans memorial blvd, metairie, la 70002, usa"
" 3450 Highway 190 Suite 8 Mandeville, LA 70471 United States ","-90.0858347","30.3904992","3450 us-190, mandeville, la 70471, usa"
" 1380 E 70th St Shreveport, LA 71105 United States ","-93.7269284","32.4442296","1380 e 70th st, shreveport, la 71105, usa"
" 7529 Corporate Blvd Baton Rouge, LA 70809 United States ","-91.1111801","30.4322533","7529 corporate blvd, baton rouge, la 70809, usa"
" 5600 Magazine Street New Orleans, LA 70115 United States ","-90.1177694","29.9206938","5600 magazine st, new orleans, la 70115, usa"
" 2 Somerset St Portland, ME 04101 United States ","-70.2584734","43.6634486","2 somerset st, portland, me 04101, usa"
" 833 Wayne Ave Silver Spring, MD 20910 United States ","-77.0241512","38.9961273","833 wayne ave, silver spring, md 20910, usa"
" 5269 River Rd Bethesda, MD 20816 United States ","-77.1041985","38.9663166","5269 river rd, bethesda, md 20816, usa"
" 11355 Woodglen Drive Rockville, MD 20852 United States ","-77.1131376","39.0430696","11355 woodglen dr, north bethesda, md 20852, usa"
" 316 Kentlands Blvd Gaithersburg, MD 20878-5454 United States ","-77.237821","39.1226007","316 kentlands blvd, gaithersburg, md 20878, usa"
" Mt. Washington Whole Foods Market 1330 Smith Ave Baltimore, MD 21209 United States ","-76.6498445","39.3684185","1330 smith ave, baltimore, md 21209, usa"
" 6621-B Baltimore Ave Riverdale Park, MD 20737 United States ","-76.9366106","38.9691877","6621-b baltimore ave, riverdale, md 20737, usa"
" 4420 Willard Ave. Chevy Chase, MD 20815 United States ","-77.0871226","38.9612996","4420 willard ave, chevy chase, md 20815, usa"
" 200 Harker PIace Suite 100 Annapolis, MD 21401 United States ","-76.5397808","38.9820525","200 harker pl #100, annapolis, md 21401, usa"
" Whole Foods Market, Harbor East 1001 Fleet Street Suite A Baltimore, MD 21202 United States ","-76.5994792","39.2840184","1001 fleet st ste a, baltimore, md 21202, usa"
" Whole Foods Market Columbia 10275 Little Patuxent Pkwy Columbia, MD 21044 United States ","-76.8557901","39.2139367","10275 little patuxent pkwy, columbia, md 21044, usa"
" 575 Worcester Rd Framingham, MA 01701 United States ","-71.420938","42.2985158","575 worcester rd, framingham, ma 01701, usa"
" Whole Foods Market River Street 340 River St Cambridge, MA 02139 United States ","-71.1139362","42.3610071","340 river st, cambridge, ma 02139, usa"
" 200 Alewife Brook Pkwy Cambridge, MA 02138 United States ","-71.1394713","42.390874","200 alewife brook pkwy, cambridge, ma 02138, usa"
" Whole Foods Market 808 Massachusetts Avenue Arlington, MA 02476 United States ","-71.1594265","42.4163899","808 massachusetts ave, arlington, ma 02476, usa"
" 51 Austin St. Charlestown, MA 02129 United States ","-71.0658594","42.3759791","51 austin st, charlestown, ma 02129, usa"
" 40 Railroad St. Andover, MA 01810 United States ","-71.1445731","42.660895","40 railroad st, andover, ma 01810, usa"
" 170 Great Rd Bedford, MA 01730 United States ","-71.2728918","42.4910009","170 great rd, bedford, ma 01730, usa"
" 193 Boston Turnpike Shrewsbury, MA 01545 United States ","-71.7467548","42.2760355","193 boston turnpike, shrewsbury, ma 01545, usa"
" 413 Centre Street Jamaica Plain, MA 02130 United States ","-71.1109652","42.3215828","413 centre st, jamaica plain, ma 02130, usa"
" 100 Market Street (at MarketStreet Lynnfield) Lynnfield, MA 01940 United States ","-71.0342126","42.5156525","600 market st, lynnfield, ma 01940, usa"
" 990 Iyannough Road Hyannis, MA 02601 United States ","-70.3017523","41.6724873","990 iyannough rd, hyannis, ma 02601, usa"
" 2151 Mystic Valley Parkway Medford, MA 02155 United States ","-71.1265626","42.4170313","2151 mystic valley pkwy, medford, ma 02155, usa"
" Whole Foods Market 647 Washington Street Newtonville, MA 02458 United States ","-71.2000849","42.3541087","647 washington st, newton, ma 02458, usa"
" 916 Walnut St Newton, MA 02461 United States ","-71.2063967","42.3300663","916 walnut st, newton, ma 02461, usa"
" Whole Foods Market Somerville 45 Beacon Street Somerville, MA 02143 United States ","-71.1029342","42.3760203","45 beacon st, somerville, ma 02143, usa"
" 15 Washington Street Brighton, MA 02135 United States ","-71.1403862","42.3428038","15 washington st, brighton, ma 02135, usa"
" 181 Cambridge St Boston, MA 02114 United States ","-71.0655267","42.362046","181 cambridge st, boston, ma 02114, usa"
" 348 Harrison Avenue Boston, MA 02118 United States ","-71.0627816","42.345449","348 harrison ave, boston, ma 02118, usa"
" 327 Russell St Hadley, MA 01035 United States ","-72.5555125","42.3530868","327 russell st, hadley, ma 01035, usa"
" 1028 Beacon Street Brookline, MA 02446 United States ","-71.1082263","42.3461861","1028 beacon st, brookline, ma 02446, usa"
" Whole Foods Market Wellesley 442 Washington Street Wellesley, MA 02482 United States ","-71.2856975","42.3024723","442 washington st, wellesley, ma 02482, usa"
" 255 Hartford Ave Bellingham, MA 02019 United States ","-71.461568","42.1113191","255 hartford ave, bellingham, ma 02019, usa"
" 400 Cambridge Rd. Woburn, MA 01801 United States ","-71.1635905","42.4601373","400 cambridge rd, woburn, ma 01801, usa"
" 35 Pleasant Street South Weymouth, MA 02190 United States ","-70.9530417","42.1716215","35 pleasant st, weymouth, ma 02190, usa"
" Whole Foods Market 94 Derby Street Derby Street Shoppes Hingham, MA 02043 United States ","-70.910528","42.1771162","94 derby st, hingham, ma 02043, usa"
" 160 Littleton Road Westford, MA 01886 United States ","-71.4201251","42.5682691","160 littleton rd, westford, ma 01886, usa"
" 15 Westland Ave Boston, MA 02115 United States ","-71.0873163","42.3438262","15 westland ave, boston, ma 02115, usa"
" 880 Main Street Melrose, MA 02176-2346 United States ","-71.0626837","42.4646967","880 main st, melrose, ma 02176, usa"
" 331 Paradise Rd Swampscott, MA 01907 United States ","-70.9048013","42.4792134","331 paradise rd, swampscott, ma 01907, usa"
" 115 Prospect St Cambridge, MA 02139 United States ","-71.1023771","42.3680574","115 prospect st, cambridge, ma 02139, usa"
" 536 Boston Post Road Sudbury, MA 01776 United States ","-71.4318844","42.3613336","536 boston post rd, sudbury, ma 01776, usa"
" Whole Foods Market 300 Legacy Place Dedham, MA 02026 United States ","-71.1780853","42.2328164","300 legacy pl, dedham, ma 02026, usa"
" 2750 E. Grand River Ave. East Lansing, MI 48823 United States ","-84.4529551","42.7282705","2750 e grand river ave, east lansing, mi 48823, usa"
" 2100 East Maple Road Birmingham, MI 48009 United States ","-83.194205","42.5467853","2100 e maple rd, birmingham, mi 48009, usa"
" 3135 Washtenaw Ave Ann Arbor, MI 48104 United States ","-83.6981585","42.2579727","3135 washtenaw ave, ann arbor, mi 48104, usa"
" 2918 Walton Blvd Rochester Hills, MI 48309 United States ","-83.1917101","42.6822016","2918 walton blvd, rochester hills, mi 48309, usa"
" 990 W. Eisenhower Parkway Ann Arbor, MI 48103 United States ","-83.7580081","42.2484296","990 w eisenhower pkwy, ann arbor, mi 48103, usa"
" 7350 Orchard Lake Road West Bloomfield, MI 48322 United States ","-83.3631611","42.5293162","7350 orchard lake rd, west bloomfield township, mi 48322, usa"
" Whole Foods Market Detroit 115 Mack Ave. Detroit, MI 48201 United States ","-83.0566403","42.3484144","115 mack ave, detroit, mi 48201, usa"
" Whole Foods Market 3060 Excelsior Blvd Minneapolis, MN 55416 United States ","-93.3221851","44.9477203","3060 excelsior blvd, minneapolis, mn 55416, usa"
" Whole Foods Market 7401 France Ave S Edina, MN 55435 United States ","-93.3280314","44.8677857","7401 france ave s, edina, mn 55435, usa"
" 305 Radio Drive Woodbury, MN 55125 United States ","-92.9299249","44.9431433","305 radio dr, woodbury, mn 55125, usa"
" 1575 Selby Ave. St Paul, MN 55104 United States ","-93.1660795","44.946911","1575 selby ave, st paul, mn 55104, usa"
" 222 Hennepin Avenue Minneapolis, MN 55401 United States ","-93.2694565","44.9828156","222 hennepin ave, minneapolis, mn 55403, usa"
" Whole Foods Market 1001 Plymouth Road Minnetonka, MN 55305 United States ","-93.4453034","44.9741924","1001 plymouth rd, minnetonka, mn 55305, usa"
" 12201 Elm Creek Blvd N Maple Grove, MN 55369 United States ","-93.4358162","45.0913339","12201 elm creek blvd n, maple grove, mn 55369, usa"
" 4500 I-55 North Suite 99 Exit 100 Jackson, MS 39211 United States ","-90.1509014","32.3555087","4500 i-55 #99, jackson, ms 39211, usa"
" 301 E. 51st Street Kansas City, MO 64112 United States ","-94.5829983","39.0340859","301 e 51st st, kansas city, mo 64112, usa"
" Whole Foods Market 1160 Town and Country Crossing Town and Country, MO 63017 United States ","-90.5154787","38.6221744","1160 town and country crossing dr, town and country, mo 63017, usa"
" 1601 S. Brentwood Blvd Saint Louis, MO 63144 United States ","-90.3478836","38.6271091","1601 s brentwood blvd, brentwood, mo 63144, usa"
" 4577 West Pine Blvd St. Louis, MO 63108 United States ","-90.2615092","38.6419244","4577 w pine blvd, st. louis, mo 63108, usa"
" 10020 Regency Circle Omaha, NE 68114 United States ","-96.0684158","41.2620238","10020 regency cir, omaha, ne 68114, usa"
" 6055 O Street Lincoln, NE 68510 United States ","-96.6391766","40.8130693","6055 o st, lincoln, ne 68510, usa"
" 7250 W. Lake Mead Blvd. Las Vegas, NV 89128 United States ","-115.2501409","36.1975693","7250 w lake mead blvd, las vegas, nv 89128, usa"
" 6139 S. Virginia Street Reno, NV 89502 United States ","-119.7871578","39.4688191","6139 s virginia st, reno, nv 89502, usa"
" Whole Foods Market, Las Vegas Blvd. 6689 Las Vegas Blvd. Las Vegas, NV 89119 United States ","-115.1742472","36.0676289","6689 s las vegas blvd, las vegas, nv 89119, usa"
" Whole Foods Market Henderson 100 S. Green Valley Pkwy Henderson, NV 89012 United States ","-115.0824622","36.0234338","100 s green valley pkwy, henderson, nv 89012, usa"
" 8855 West Charleston Blvd. Las Vegas, NV 89117 United States ","-115.2882911","36.1576974","8855 w charleston blvd, las vegas, nv 89117, usa"
" 255 Amherst Street Nashua, NH 03063 United States ","-71.4954227","42.7803079","255 amherst st, nashua, nh 03063, usa"
" 121 South River Rd Bedford, NH 03110 United States ","-71.4778953","42.9542444","121 s river rd, bedford, nh 03110, usa"
" 471 State Route 35 North Red Bank, NJ 07701-5036 United States ","-74.0874042","40.3751624","471 nj-35, red bank, nj 07701, usa"
" 2245 Springfield Ave. Vauxhall, NJ 07088 United States ","-74.2869784","40.71678","2245 springfield ave, vauxhall, nj 07088, usa"
" 1933 State Road 35 Wall, NJ 07719 United States ","-74.0560645","40.1549477","1933 nj-35, wall township, nj 07719, usa"
" Whole Foods Market 222 Main St Madison, NJ 07940 United States ","-74.4053863","40.7534396","222 main st, madison, nj 07940, usa"
" 44 Godwin Ave Ridgewood, NJ 07450 United States ","-74.122508","40.9784275","44 godwin ave, ridgewood, nj 07450, usa"
" Whole Foods Market 110 Washington Street Morristown, NJ 07960 United States ","-74.4888753","40.7992015","110 washington st, morristown, nj 07960, usa"
" 905 River Road Edgewater, NJ 07020 United States ","-73.9737971","40.8257027","905 river rd, edgewater, nj 07020, usa"
" 300 Bergen Town Center Paramus, NJ 07652 United States ","-74.0590675","40.9146322","300 bergen town center, paramus, nj 07652, usa"
" 633 Broad Street Newark, NJ 07102 United States ","-74.1699916","40.7400078","633 broad st, newark, nj 07102, usa"
" 645 Middlesex Avenue Metuchen, NJ 08840 United States ","-74.3663075","40.5403405","645 middlesex ave, metuchen, nj 08840, usa"
" 1255 Raritan Road Unit 150 Clark, NJ 07066 United States ","-74.3049906","40.6319796","1255 raritan rd #150, clark, nj 07066, usa"
" 701 Bloomfield Ave Montclair, NJ 07042 United States ","-74.2229766","40.8184587","701 bloomfield ave, montclair, nj 07042, usa"
" 113 Route 9 South Marlboro, NJ 07726 United States ","-74.3095296","40.3519882","113 u.s. 9 s, manalapan township, nj 07726, usa"
" 235 Prospect Ave West Orange, NJ 07052 United States ","-74.2481487","40.8052367","235 prospect ave, west orange, nj 07052, usa"
" 1558 North Kings Highway Cherry Hill, NJ 08034 United States ","-75.0114246","39.9158817","1558 kings hwy n, cherry hill, nj 08034, usa"
" 319 Chimney Rock Road Bound Brook, NJ 08805 United States ","-74.5614513","40.577001","319 chimney rock rd, bridgewater township, nj 08807, usa"
" 45 Vervalen Street Closter, NJ 07624 United States ","-73.9562796","40.9706311","45 vervalen st, closter, nj 07624, usa"
" 3495 US Route 1 South Princeton, NJ 08540 United States ","-74.6673061","40.3099508","3495 us-1, princeton, nj 08540, usa"
" Whole Foods Market Marlton 940 Route 73 North Marlton, NJ 08053 United States ","-74.9378009","39.9080061","940 nj-73, marlton, nj 08053, usa"
" 2103 Carlisle Boulevard NE Albuquerque, NM 87110 United States ","-106.6050929","35.1028721","2103 carlisle blvd ne, albuquerque, nm 87110, usa"
" 753 Cerrillos Rd Santa Fe, NM 87505 United States ","-105.9500674","35.679077","753 cerrillos rd, santa fe, nm 87505, usa"
" 5815 Wyoming Blvd NE Albuquerque, NM 87109 United States ","-106.5559212","35.1463717","5815 wyoming blvd ne, albuquerque, nm 87109, usa"
" 226 East 57th Street Between 2nd & 3rd Avenue New York, NY 10022 United States ","-73.9661442","40.7594945","226 e 57th st #2nd, new york, ny 10022, usa"
" 4 Union Square South New York, NY 10003 United States ","-73.9913212","40.7347363","4 union square s, new york, ny 10003, usa"
" 1425 Central Ave Albany, NY 12205 United States ","-73.8165423","42.7102729","1425 central ave, albany, ny 12205, usa"
" 1095 Avenue of the Americas New York, NY 10036 United States ","-73.9849149","40.7547674","1095 6th ave, new york, ny 10036, usa"
" Lake Grove Commons 120 New Moriches Road Lake Grove, NY 11755 United States ","-73.1259177","40.8698507","120 new moriches rd, lake grove, ny 11755, usa"
" Whole Foods Market 110 Bloomingdale Road White Plains, NY 10605-1503 United States ","-73.7587531","41.0285208","110 bloomingdale rd, white plains, ny 10605, usa"
" Westchester's Ridge Hill 1 Ridge Hill Blvd. Yonkers, NY 10710 United States ","-73.855667","40.9634654","1 ridge hill boulevard, yonkers, ny 10710, usa"
" 10 Columbus Circle Lower Concourse Level of the Time Warner Center New York, NY 10019 United States ","-73.9831349","40.7685068","10 columbus cir, new york, ny 10019, usa"
" 292 Ashland Place Brooklyn, NY 11217 United States ","-73.9783928","40.6864068","292 ashland pl, brooklyn, ny 11217, usa"
" 214 3rd Street Brooklyn, NY 11215 United States ","-73.9887879","40.6748928","214 3rd st, brooklyn, ny 11215, usa"
" 808 Columbus Avenue New York, NY 10025 United States ","-73.9671163","40.7939667","808 columbus ave, new york, ny 10025, usa"
" 429 North Broadway Jericho, NY 11753-2106 United States ","-73.5346026","40.789028","429 n broadway, jericho, ny 11753, usa"
" 2101 Northern Blvd Manhasset, NY 11030 United States ","-73.6707047","40.7974205","2101 northern blvd, manhasset, ny 11030, usa"
" 250 7th Ave New York, NY 10001 United States ","-73.9953572","40.745078","250 7th ave, new york, ny 10001, usa"
" 120 Veterans Memorial Highway #34 Commack, NY 11725 United States ","-73.2840917","40.8380142","120 veterans memorial hwy, commack, ny 11725, usa"
" 480 N Bedford Road Chappaqua, NY 10514 United States ","-73.7515453","41.1788889","480 n bedford rd, mt kisco, ny 10549, usa"
" 100 W 125th St. New York, NY 10027 United States ","-73.9461771","40.8076461","100 w 125th st, new york, ny 10027, usa"
" 95 East Houston St New York, NY 10002 United States ","-73.9923102","40.7238246","95 e houston st, new york, ny 10002, usa"
" 270 Greenwich Street New York, NY 10007 United States ","-74.0120518","40.7155341","270 greenwich st, new york, ny 10007, usa"
" 575 Boston Post Road Port Chester, NY 10573 United States ","-73.6754376","40.9923702","575 boston post rd, port chester, ny 10573, usa"
" 238 Bedford Ave Brooklyn, NY 11249 United States ","-73.9597096","40.7161409","238 bedford ave, brooklyn, ny 11211, usa"
" Northtown Plaza 3139 Sheridan Dr Amherst, NY 14226 United States ","-78.8202605","42.9799937","3055 sheridan dr, amherst, ny 14226, usa"
" 1551 3rd Ave between East 88th and East 87th Streets New York, NY 10128 United States ","-73.9530745","40.7796519","1551 3rd ave, new york, ny 10128, usa"
" Whole Foods Market 41 Miller Street Winston-Salem, NC 27104 United States ","-80.273834","36.0942783","41 miller st, winston-salem, nc 27104, usa"
" 3540 Wade Ave Raleigh, NC 27607 United States ","-78.6864071","35.8024745","3540 wade ave, raleigh, nc 27607, usa"
" 9129 Sam Furr Rd. Huntersville, NC 28078 United States ","-80.8717653","35.4440171","9129 sam furr rd, huntersville, nc 28078, usa"
" 8710 Six Forks Rd Raleigh, NC 27615 United States ","-78.6504232","35.8994612","8710 six forks rd, raleigh, nc 27615, usa"
" 621 Broad Street Durham, NC 27705 United States ","-78.9206233","36.0071057","621 broad st, durham, nc 27705, usa"
" 7221 Waverly Walk Ave. Charlotte, NC 28277 United States ","-80.7672522","35.0532794","7221 waverly walk avenue, charlotte, nc 28277, usa"
" 4 South Tunnel Rd. Asheville, NC 28805 United States ","-82.5238714","35.5832361","4 s tunnel rd, asheville, nc 28805, usa"
" 3202 West Friendly Avenue Greensboro, NC 27408-7604 United States ","-79.8341387","36.0857454","3202 w friendly ave, greensboro, nc 27408, usa"
" 102B New Waverly Place Cary, NC 27518 United States ","-78.7773286","35.7375865","102b new waverly pl, cary, nc 27518, usa"
" 3804 Oleander Drive Wilmington, NC 28403 United States ","-77.9007647","34.2136375","3804 oleander dr, wilmington, nc 28403, usa"
" 70 Merrimon Ave Asheville, NC 28801 United States ","-82.5546811","35.6018998","70 merrimon ave, asheville, nc 28801, usa"
" 6610 Fairview Rd. Charlotte, NC 28210 United States ","-80.8300802","35.1472366","6610 fairview rd, charlotte, nc 28210, usa"
" 81 South Elliot Road Chapel Hill, NC 27514 United States ","-79.0278974","35.9344265","81 s elliott rd, chapel hill, nc 27514, usa"
" 5055 Arco Street Cary, NC 27519 United States ","-78.8826704","35.8336487","5055 arco street, cary, nc 27519, usa"
" 400 East Stonewall St. Charlotte, NC 28202 United States ","-80.8462552","35.2206033","400 e stonewall st, charlotte, nc 28202, usa"
" 4100 Easton Gateway Drive Columbus, OH 43219 United States ","-82.9095611","40.0570337","4100 easton gateway dr, columbus, oh 43219, usa"
" 1050 Miamisburg Centerville Road Dayton, OH 45458 United States ","-84.1900779","39.6269159","1050 miamisburg centerville rd, washington township, oh 45458, usa"
" 1555 W. Lane Ave Upper Arlington, OH 43221 United States ","-83.0525842","40.006602","1555 w lane ave, upper arlington, oh 43221, usa"
" 3670 W. Dublin-Granville Rd Columbus, OH 43235 United States ","-83.0863817","40.0986537","3670 w dublin granville rd, columbus, oh 43235, usa"
" Whole Foods Market Cedar Center 13998 Cedar Rd. University Heights, OH 44118 United States ","-81.5368155","41.5008897","13998 cedar rd, university heights, oh 44118, usa"
" 50 Wall St Orange, OH 44122 United States ","-81.4850716","41.449988","50 wall street, beachwood, oh 44122, usa"
" Whole Foods Market 5805 Deerfield Boulevard Mason, OH 45040 United States ","-84.3168558","39.3076436","5805 deerfield blvd, mason, oh 45040, usa"
" 2693 Edmondson Rd. Cincinnati, OH 45209 United States ","-84.4470495","39.1455459","2693 edmondson rd, cincinnati, oh 45209, usa"
" 19607 Detroit Road Rocky River, OH 44116 United States ","-81.8396406","41.4787484","19607 detroit rd, rocky river, oh 44116, usa"
" 1745 W. Market Street Akron, OH 44313 United States ","-81.5713853","41.1109625","1745 w market st, akron, oh 44313, usa"
" 9136 S. Yale Ave. Tulsa, OK 74137 United States ","-95.9237179","36.030638","9136 s yale ave, tulsa, ok 74137, usa"
" 6001 N. Western Ave. Oklahoma City, OK 73118 United States ","-97.5306902","35.5341227","6001 n western ave, oklahoma city, ok 73118, usa"
" 1401 East 41st Street Tulsa, OK 74105 United States ","-95.9732615","36.104878","1401 e 41st st, tulsa, ok 74105, usa"
" Whole Foods Market Tanasbourne 19440 NW Cornell Rd. Hillsboro, OR 97124 United States ","-122.8773246","45.5337535","19440 nw cornell rd, hillsboro, or 97124, usa"
" 11 S State St. Lake Oswego, OR 97034 United States ","-122.6620293","45.4157405","11 s state st, lake oswego, or 97034, usa"
" 353 E Broadway Eugene, OR 97401 United States ","-123.0878329","44.0503376","353 e broadway, eugene, or 97401, usa"
" 3535 NE 15th Ave. Portland, OR 97212 United States ","-122.65116","45.5488217","3535 ne 15th ave, portland, or 97212, usa"
" Whole Foods Market 2825 East Burnside St. Portland, OR 97214 United States ","-122.6367853","45.5232766","2825 e burnside st, portland, or 97214, usa"
" 4301 NE Sandy Blvd. Portland, OR 97213 United States ","-122.6187241","45.5368578","4301 ne sandy blvd, portland, or 97213, usa"
" Whole Foods Market Greenway 12220 SW Scholls Ferry Road Tigard, OR 97223 United States ","-122.8027942","45.4424579","12220 sw scholls ferry rd, tigard, or 97223, usa"
" Whole Foods Market Bridgeport 7380 SW Bridgeport Rd. Tigard, OR 97224 United States ","-122.7515006","45.3944787","7380 sw bridgeport rd, tigard, or 97224, usa"
" 2610 Highway 20 Bend, OR 97701-6261 United States ","-121.2659588","44.0563568","2610 ne hwy 20, bend, or 97701, usa"
" Whole Foods Market Portland 1210 NW Couch St Portland, OR 97209 United States ","-122.6836954","45.523378","1210 nw couch st, portland, or 97209, usa"
" 10576 Perry Highway Wexford, PA 15090 United States ","-80.0530339","40.6125997","10576 perry hwy, wexford, pa 15090, usa"
" Whole Foods Market Plymouth Meeting 500 W. Germantown Pike Plymouth Meeting, PA 19462 United States ","-75.2815819","40.114262","500 w germantown pike, plymouth meeting, pa 19462, usa"
" 750 N. Krocks Road Suite 301 Allentown, PA 18106 United States ","-75.565515","40.5643754","750 n krocks rd #301, allentown, pa 18106, usa"
" 1575 The Fairway Jenkintown, PA 19046 United States ","-75.1161353","40.1078996","1575 the fairway, jenkintown, pa 19046, usa"
" 3737 West Chester Pike Newtown Square, PA 19073 United States ","-75.4037887","39.9880239","3737 west chester pike, newtown square, pa 19073, usa"
" 475 Wilmington West Chester Pike Glen Mills, PA 19342 United States ","-75.5428154","39.863379","475 wilmington west chester pike, glen mills, pa 19342, usa"
" 15 East Wynnewood Rd Wynnewood, PA 19096 United States ","-75.2754327","40.0021425","15 e wynnewood rd, wynnewood, pa 19096, usa"
" 821 W. Lancaster Ave Wayne, PA 19087 United States ","-75.411233","40.048793","821 w lancaster ave, wayne, pa 19087, usa"
" 1563 Fruitville Pike Lancaster, PA 17601 United States ","-76.3141529","40.0639018","1563 fruitville pike, lancaster, pa 17601, usa"
" 111 Siena Drive Upper St. Clair, PA 15241 United States ","-80.0579454","40.3460935","111 siena dr, upper st clair, pa 15241, usa"
" 929 South Street Philadelphia, PA 19147 United States ","-75.1577303","39.9428511","929 south st, philadelphia, pa 19147, usa"
" 2101 Pennsylvania Avenue Philadelphia, PA 19130 United States ","-75.1742373","39.962937","2101 pennsylvania ave, philadelphia, pa 19130, usa"
" 5880 Centre Ave. Pittsburgh, PA 15206 United States ","-79.9289902","40.4585426","5880 centre ave, pittsburgh, pa 15206, usa"
" 175 N. Pottstown Pike Exton, PA 19341 United States ","-75.6279918","40.0300506","175 pottstown pike, exton, pa 19341, usa"
" 1111 North Bethlehem Pike Spring House, PA 19477 United States ","-75.2275755","40.1879841","1111 n bethlehem pike, lower gwynedd township, pa 19002, usa"
" 601 N Main St Providence, RI 02904 United States ","-71.4083214","41.8372393","601 n main st, providence, ri 02904, usa"
" 151 Sockanosset Cross Road Cranston, RI 02920 United States ","-71.4561004","41.7559067","151 sockanosset cross rd, cranston, ri 02920, usa"
" 261 Waterman St Providence, RI 02906 United States ","-71.3864091","41.8277244","261 waterman st, providence, ri 02906, usa"
" 702 Cross Hill Rd + Fort Jackson Blvd Suite 300 Columbia, SC 29205-2084 United States ","-80.9749115","33.9927936","702 cross hill rd ste 300, columbia, sc 29205, usa"
" 1140 Woodruff Road Greenville, SC 29607 United States ","-82.3010094","34.8255774","1140 woodruff rd, greenville, sc 29607, usa"
" 1125 Savannah Highway Charleston, SC 29407 United States ","-79.9956763","32.7836967","1125 savannah hwy, charleston, sc 29407, usa"
" Whole Foods Market 50 Shelter Cove Lane Suite R Hilton Head Island, SC 29928 United States ","-80.7173241","32.1870384","50 shelter cove ln, hilton head island, sc 29928, usa"
" 923 Houston Northcutt Blvd Mount Pleasant, SC 29464 United States ","-79.8889193","32.8023194","923 houston northcutt blvd, mt pleasant, sc 29464, usa"
" Whole Foods Market 301 Manufacturers Rd Chattanooga, TN 37405 United States ","-85.3141872","35.0633539","301 manufacturers rd, chattanooga, tn 37405, usa"
" 7825 U.S. Highway 72 Germantown, TN 38138-3906 United States ","-89.8018324","35.0890724","7825 us-72, germantown, tn 38138, usa"
" 1566 West McEwen Drive Franklin, TN 37067 United States ","-86.8249366","35.934211","1566 w mcewen dr, franklin, tn 37067, usa"
" 6730 Papermill Drive Knoxville, TN 37919 United States ","-84.015503","35.9330472","6730 papermill dr nw, knoxville, tn 37919, usa"
" 5014 Poplar Avenue Memphis, TN 38117 United States ","-89.8940677","35.1134223","5014 poplar ave, memphis, tn 38117, usa"
" 4021 Hillsboro Pike Nashville, TN 37215 United States ","-86.8187272","36.1031403","4021 hillsboro pike, nashville, tn 37215, usa"
" 1925 Hughes Landing Blvd. Suite 100 The Woodlands, TX 77380 United States ","-95.4704087","30.1694154","1925 hughes landing blvd #100, the woodlands, tx 77380, usa"
" 3720 Vision Drive Fort Worth, TX 76109 United States ","-97.4129749","32.700038","3720 vision drive, fort worth, tx 76109, usa"
" 5100 Belt Line Road, Suite 1012 Addison, TX 75254 United States ","-96.8206605","32.9515797","5100 belt line rd #1012, dallas, tx 75254, usa"
" 4301 W. William Cannon Austin, TX 78749 United States ","-97.8411819","30.2215037","4301 w william cannon dr, austin, tx 78749, usa"
" 4100 Lomo Alto Dr Highland Park, TX 75219 United States ","-96.8144154","32.8205285","4100 lomo alto dr, dallas, tx 75219, usa"
" 18403 Blanco Road San Antonio, TX 78258 United States ","-98.5112614","29.6140371","18403 blanco rd, san antonio, tx 78258, usa"
" 525 N Lamar Blvd. Austin, TX 78703 United States ","-97.7531762","30.2705496","525 n lamar blvd, austin, tx 78703, usa"
" 2510 McKinney Ave Dallas, TX 75201 United States ","-96.8014943","32.7957717","2510 mckinney ave, dallas, tx 75201, usa"
" 8190 Park Lane, Suite 351 Dallas, TX 75231 United States ","-96.7657217","32.8716416","8190 park ln #351, dallas, tx 75231, usa"
" 801 East Lamar Blvd. Arlington, TX 76011 United States ","-97.0990989","32.7668998","801 e lamar blvd, arlington, tx 76011, usa"
" 1407 South Voss Rd Houston, TX 77057 United States ","-95.4999858","29.7523834","1407 s voss rd, houston, tx 77057, usa"
" 2201 Preston Road Plano, TX 75093 United States ","-96.7962289","33.0294076","2201 preston rd, plano, tx 75093, usa"
" 12601 Hill Country Blvd Bee Cave, TX 78738 United States ","-97.9377502","30.3076183","whole foods, 12601 hill country blvd, bee cave, tx 78738, usa"
" 11700 Preston Rd Dallas, TX 75230 United States ","-96.8028336","32.9083556","11700 preston rd, dallas, tx 75230, usa"
" 4004 Bellaire Blvd Houston, TX 77025 United States ","-95.4416654","29.7069766","4004 bellaire blvd, houston, tx 77025, usa"
" 6741 N MacArthur Blvd Irving, TX 75039 United States ","-96.9603382","32.9013187","6741 n macarthur blvd, irving, tx 75039, usa"
" 4801 Colleyville Blvd Colleyville, TX 76034 United States ","-97.1552062","32.8791874","4801 colleyville blvd, colleyville, tx 76034, usa"
" CityLine DFW 1411 E. Renner Rd. Richardson, TX 75082 United States ","-96.6987141","32.9988408","1411 e renner rd, richardson, tx 75082, usa"
" 701 Waugh Drive Houston, TX 77019 United States ","-95.3976363","29.7578526","701 waugh dr, houston, tx 77019, usa"
" Whole Foods Market Lakewood 2118 Abrams Road Dallas, TX 75214 United States ","-96.7523218","32.8158235","2118 abrams rd, dallas, tx 75214, usa"
" 5001 183 Toll Road Building A Suite 100 Cedar Park, TX 78613 United States ","-97.8184639","30.5336944","5001 183a building a suite 100, cedar park, tx 78613, usa"
" 15900 Southwest Freeway Sugar Land, TX 77478 United States ","-95.6233709","29.6001299","15900 southwest fwy, sugar land, tx 77478, usa"
" 2955 Kirby Dr Houston, TX 77098 United States ","-95.4180918","29.7395184","2955 kirby dr, houston, tx 77098, usa"
" 11920 Domain Drive Austin, TX 78758 United States ","-97.7201151","30.4063209","11920 domain dr, austin, tx 78758, usa"
" 10133 Louetta Road Houston, TX 77070 United States ","-95.561974","29.9984967","10133 louetta rd, houston, tx 77070, usa"
" Fairview Town Center 105 Stacy Road Fairview, TX 75069 United States ","-96.6486646","33.1297772","105 stacy rd, fairview, tx 75069, usa"
" 101 N. Loop W. Houston, TX 77018 United States ","-95.3981272","29.813746","101 n loop w, houston, tx 77018, usa"
" 11041 Westheimer Rd. Houston, TX 77042 United States ","-95.5706292","29.7348965","11041 westheimer rd, houston, tx 77042, usa"
" 544 South 700 East Salt Lake City, UT 84102 United States ","-111.8718955","40.7579544","544 700 e, salt lake city, ut 84102, usa"
" 6598 N Landmark Drive Park City, UT 84098 United States ","-111.5470165","40.7272836","6598 n landmark dr, park city, ut 84098, usa"
" Whole Foods Market Sugar House 1131 E. Wilmington Ave. Salt Lake City, UT 84106 United States ","-111.858869","40.723629","1131 e wilmington ave, salt lake city, ut 84106, usa"
" 6930 S. Highland Drive Cottonwood Heights, UT 84121 United States ","-111.834323","40.6256828","6930 highland dr, cottonwood heights, ut 84121, usa"
" 1797 Hydraulic Road Charlottesville, VA 22901 United States ","-78.4891351","38.059773","1797 hydraulic rd, charlottesville, va 22901, usa"
" 4501 Market Commons Dr Fairfax, VA 22033 United States ","-77.377751","38.8578497","4501 market commons dr, fairfax, va 22033, usa"
" Whole Foods Market - Tysons 7511 Leesburg Pike Falls Church, VA 22043 United States ","-77.2046891","38.9031649","7511 leesburg pike, falls church, va 22043, usa"
" 1700 Duke St Alexandria, VA 22314 United States ","-77.0600615","38.8041416","1700 duke st, alexandria, va 22314, usa"
" 2700 Wilson Blvd Arlington, VA 22201 United States ","-77.0912401","38.8892254","2700 wilson blvd, arlington, va 22201, usa"
" 12090 Jefferson Ave. Suite 100 Newport News, VA 23606 United States ","-76.4917842","37.1036178","12090 jefferson ave #100, newport news, va 23606, usa"
" 11173 West Broad Street Glen Allen, VA 23060 United States ","-77.5997292","37.6475665","11173 w broad st, glen allen, va 23060, usa"
" 11660 Plaza America Dr Reston, VA 20190 United States ","-77.3494016","38.9517757","11660 plaza america dr, reston, va 20190, usa"
" 19800 Belmont Chase Drive Suite 160 Ashburn, VA 20147 United States ","-77.4843963","39.0684834","19800 belmont chase dr #160, ashburn, va 20147, usa"
" 520 12th St. South, Suite 100 Arlington, VA 22202 United States ","-77.0549173","38.8623986","the bartlett, 520 12th st s #100, arlington, va 22202, usa"
" 143 Maple Ave East Vienna, VA 22180 United States ","-77.2626957","38.9022469","143 maple ave e, vienna, va 22180, usa"
" 815 Southeast 160th Avenue Vancouver, WA 98683 United States ","-122.505816","45.6146944","815 se 160th ave, vancouver, wa 98683, usa"
" 1030 Lakeway Drive Bellingham, WA 98229 United States ","-122.4612952","48.7435936","1030 lakeway dr, bellingham, wa 98229, usa"
" 2800 196th St. SW Lynnwood, WA 98036 United States ","-122.2722334","47.819888","2800 196th st sw, lynnwood, wa 98036, usa"
" 888 116th Ave NE Bellevue, WA 98004 United States ","-122.1845899","47.6182941","888 116th ave ne, bellevue, wa 98004, usa"
" 3515 Bridgeport Way West University Place, WA 98466 United States ","-122.5360339","47.2271495","3515 bridgeport way w, university place, wa 98466, usa"
" 1001 Broadway Seattle, WA 98122 United States ","-122.3213485","47.6114319","1001 broadway, seattle, wa 98122, usa"
" 2001 15th Avenue W Seattle, WA 98119 United States ","-122.376988","47.6372353","2001 15th ave w, seattle, wa 98119, usa"
" 1026 NE 64th Street Seattle, WA 98115 United States ","-122.3161096","47.6752901","1026 ne 64th st, seattle, wa 98115, usa"
" 12501 120th Ave NE Kirkland, WA 98034 United States ","-122.1800438","47.7115351","12501 120th ave ne, kirkland, wa 98034, usa"
" 17991 NE Redmond Way Redmond, WA 98052 United States ","-122.101574","47.6661677","17991 redmond way, redmond, wa 98052, usa"
" 2210 Westlake Ave Seattle, WA 98121 United States ","-122.337892","47.6183042","2210 westlake ave, seattle, wa 98121, usa"
" 2305 N. Prospect Ave Milwaukee, WI 53211 United States ","-87.883781","43.0604306","2305 n prospect ave, milwaukee, wi 53211, usa"
" 11100 W. Burleigh Street Wauwatosa, WI 53222 United States ","-88.0514374","43.0759298","11100 w burleigh st, wauwatosa, wi 53222, usa"
" 3313 University Ave Madison, WI 53705 United States ","-89.4442252","43.0747426","3313 university ave, madison, wi 53705, usa"
" Whole Foods Market 8402 Old Keene Mill Rd Springfield, VA 22152 United States ","-77.2347297","38.7800321","8402 old keene mill rd, springfield, va 22152, usa"
